U001,Q,John Doe,john.doe@gmail.com,1234567890,pass123
U002,W,Jane Smith,jane.smith@gmail.com,2345678901,jane456
U003,E,Michael Brown,lonrongcuto@gmail.com,3456789012,mike789
U004,R,Emily Davis,emily.davis@gmail.com,4567890123,emily2023
U005,T,William Johnson,william.johnson@yahoo.com,5678901234,will2023
U006,Y,Sophia Turner,sophia.turner@outlook.com,6789012345,Turner789
U007,U,David Lee,david.lee@gmail.com,7890123456,david456
U008,I,Laura Martinez,laura.martinez@outlook.com,8901234567,laura654
U009,O,Robert Jackson,robert.jackson@gmail.com,9012345678,robert111
U010,P,Lisa White,lisa.white@yahoo.com,0123456789,lisa777
U011,A,Thomas Harris,thomas.harris@gmail.com,1234509876,thomas222
U012,S,Maria Clark,maria.clark@outlook.com,2345610987,maria888
U013,D,Chris Lewis,chris.lewis@yahoo.com,3456721098,chris333
U014,F,Anna Walker,anna.walker@gmail.com,4567832109,anna444
U015,G,Daniel Hall,daniel.hall@protonmail.com,5678943210,daniel555
U016,H,Susan Allen,susan.allen@gmail.com,6789054321,susan666
U017,J,Mark Young,mark.young@yahoo.com,7890165432,mark777
U018,K,Nancy King,nancy.king@outlook.com,8901276543,nancy888
U019,L,Elizabeth Carter,elizabeth.carter@gmail.com,4567834567,elizabeth555
U020,Z,Kenneth Mitchell,kenneth.mitchell@protonmail.com,5678945678,kenneth666
U021,X,Con Chim,CONCHIMBUCHAT@gmail.com,03conchim,conchimtobu
U022,C,Huỳnh Vĩnh Tấn,huynhvinhtan000@gmail.com,0388713594,concaw_qua_to
U023,B,Nguyễn Văn Anh,nguyen.vananh@gmail.com,0987654321,anh123
U024,N,Trần Thị Ngọc,tran.thingoc@outlook.com,0123987654,ngoc456
U025,M,Phạm Quang Huy,pham.quanghuy@gmail.com,0765432109,huy789
U026,QW,Vũ Thanh Lâm,vu.thanhlam@gmail.com,0932145678,lam111
U027,QE,Hoàng Thị Thảo,hoang.thithao@protonmail.com,0678901234,thao222
U028,QR,Đoàn Văn Hùng,doan.vanhung@gmail.com,0543219876,hung333
